rep,t_over_ttl,reserved,confirmed,held,available,hold_rows,poll_ms
rep1,0.0,0,0,40,9960,40,394
rep1,0.02,0,0,628,9372,628,375
rep1,0.0367,0,0,1323,8677,1324,442
rep1,0.0533,0,0,2126,7874,2131,440
rep1,0.0733,0,0,2812,7188,2818,389
rep1,0.0933,0,0,3433,6567,3441,855
rep1,0.11,0,0,3932,6068,3943,461
rep1,0.13,4,4,4410,5586,4422,391
rep1,0.1467,20,20,4818,5162,4830,430
rep1,0.1667,50,50,5192,4758,5204,416
rep1,0.1833,94,94,5521,4385,5535,463
rep1,0.2033,181,181,5785,4034,5799,764
rep1,0.22,307,307,5988,3705,6003,398
rep1,0.24,413,413,6212,3375,6227,446
rep1,0.2567,494,494,6446,3060,6461,446
rep1,0.2767,593,593,6630,2777,6645,423
rep1,0.2933,676,676,6800,2524,6815,436
rep1,0.3133,756,756,6948,2296,6963,424
rep1,0.33,833,833,7131,2036,7146,546
rep1,0.35,928,928,7274,1798,7289,402
rep1,0.3667,1016,1016,7342,1642,7357,368
rep1,0.3867,1120,1120,7452,1428,7467,447
rep1,0.4033,1227,1227,7503,1270,7519,579
rep1,0.4233,1358,1358,7542,1100,7559,426
rep1,0.4433,1473,1473,7577,950,7594,932
rep1,0.46,1649,1649,7554,797,7571,396
rep1,0.48,1765,1765,7528,707,7545,437
rep1,0.4967,1875,1875,7505,620,7522,407
rep1,0.5167,1967,1967,7491,542,7508,492
rep1,0.5333,2085,2085,7444,471,7462,411
rep1,0.5533,2234,2234,7376,390,7394,1519
rep1,0.5733,2352,2352,7308,340,7326,380
rep1,0.59,2500,2500,7212,288,7230,382
rep1,0.61,2637,2637,7133,230,7151,619
rep1,0.6267,2717,2717,7084,199,7102,397
rep1,0.6467,2803,2803,7037,160,7056,353
rep1,0.67,2908,2908,6965,127,6984,2103
rep1,0.6867,3005,3005,6897,98,6916,395
rep1,0.7067,3073,3073,6843,84,6862,480
rep1,0.7233,3124,3124,6805,71,6824,443
rep1,0.7433,3183,3183,6761,56,6780,424
rep1,0.76,3238,3238,6719,43,6738,366
rep1,0.7833,3287,3287,6684,29,6704,2034
rep1,0.8033,3320,3320,6655,25,6675,397
rep1,0.82,3344,3344,6642,14,6662,687
rep1,0.84,3370,3370,6621,9,6641,407
rep1,0.8567,3410,3410,6585,5,6605,392
rep1,0.8767,3436,3436,6562,2,6582,405
rep1,0.9,3471,3471,6528,1,6548,2405
rep1,0.92,3480,3480,6519,1,6539,363
rep1,0.9367,3489,3489,6510,1,6530,335
rep1,0.9533,3497,3497,6502,1,6522,335
rep1,0.9733,3507,3507,6493,0,6513,340
rep1,0.99,3522,3522,6478,0,6498,362
rep1,1.01,3529,3529,6379,92,6399,679
rep1,1.0267,3535,3535,6417,48,6437,604
rep1,1.0467,3535,3535,5992,473,6010,351
rep1,1.0633,3540,3540,6210,250,6228,358
rep1,1.0833,3545,3545,5677,778,5691,344
rep1,1.1,3553,3553,5917,530,5931,350
rep1,1.1167,3554,3554,5586,860,5596,345
rep1,1.1367,3558,3558,5766,676,5776,433
rep1,1.1533,3564,3564,5419,1017,5427,445
rep1,1.1733,3585,3585,5570,845,5578,359
rep1,1.19,3598,3598,5292,1110,5298,342
rep1,1.21,3628,3628,5447,925,5453,336
rep1,1.2267,3666,3666,5196,1138,5202,334
rep1,1.2433,3711,3711,5315,974,5321,375
rep1,1.2633,3764,3764,5067,1169,5072,447
rep1,1.28,3805,3805,4846,1349,4851,417
rep1,1.3,3847,3847,4995,1158,5000,365
rep1,1.3167,3892,3892,4837,1271,4842,350
rep1,1.3333,3932,3932,4992,1076,4997,343
rep1,1.3533,3973,3973,4798,1229,4803,373
rep1,1.37,4009,4009,4954,1037,4959,361
rep1,1.39,4052,4052,4824,1124,4829,331
rep1,1.4067,4096,4096,4987,917,4992,469
rep1,1.4233,4144,4144,4883,973,4887,338
rep1,1.4433,4183,4183,5001,816,5005,568
rep1,1.46,4237,4237,4918,845,4921,328
rep1,1.48,4285,4285,5024,691,5027,356
rep1,1.4967,4351,4351,4916,733,4919,334
rep1,1.5133,4406,4406,4890,704,4893,358
rep1,1.5333,4477,4477,4939,584,4942,553
rep1,1.55,4538,4538,4896,566,4898,341
rep1,1.57,4592,4592,4939,469,4941,330
rep1,1.5867,4658,4658,4899,443,4901,353
rep1,1.6067,4726,4726,4898,376,4900,337
rep1,1.6233,4795,4795,4843,362,4845,366
rep1,1.64,4840,4840,4860,300,4862,332
rep1,1.66,4895,4895,4822,283,4823,545
rep1,1.6767,4963,4963,4817,220,4818,358
rep1,1.6967,5020,5020,4764,216,4765,348
rep1,1.7133,5088,5088,4732,180,4733,369
rep1,1.73,5136,5136,4698,166,4699,361
rep1,1.75,5170,5170,4677,153,4678,328
rep1,1.7667,5205,5205,4672,123,4673,326
rep1,1.7867,5254,5254,4637,109,4637,498
rep1,1.8033,5288,5288,4619,93,4619,355
rep1,1.82,5330,5330,4582,88,4582,324
rep1,1.84,5356,5356,4571,73,4571,357
rep1,1.86,5382,5382,4550,68,4550,583
rep1,1.8767,5411,5411,4531,58,4531,385
rep1,1.8933,5436,5436,4514,50,4514,340
rep1,1.9133,5453,5453,4506,41,4506,387
rep1,1.93,5469,5469,4499,32,4499,339
rep1,1.9467,5486,5486,4487,27,4487,376
rep1,1.9667,5507,5507,4468,25,4468,475
rep1,1.9833,5519,5519,4458,23,4458,328
rep1,2.0033,5526,5526,4453,21,4453,333
rep1,2.02,5542,5542,4432,26,4432,559
rep1,2.04,5550,5550,4434,16,4434,353
rep1,2.0567,5560,5560,4363,77,4363,329
rep1,2.0733,5563,5563,4410,27,4410,331
rep1,2.0933,5570,5570,4315,115,4315,343
rep1,2.11,5574,5574,4364,62,4364,354
rep1,2.13,5579,5579,4251,170,4251,344
rep1,2.1467,5583,5583,4301,116,4301,564
rep1,2.1667,5590,5590,4205,205,4205,345
rep1,2.1833,5594,5594,4049,357,4049,339
rep1,2.2,5605,5605,4107,288,4107,337
rep1,2.22,5620,5620,3927,453,3927,329
rep1,2.2367,5635,5635,3937,428,3937,484
rep1,2.2567,5655,5655,3675,670,3675,456
rep1,2.2767,5689,5689,3646,665,3646,1138
rep1,2.2933,5772,5772,3312,916,3312,358
rep1,2.3133,5887,5887,3202,911,3202,452
rep1,2.33,5955,5955,2889,1156,2889,432
rep1,2.35,6008,6008,2836,1156,2836,475
rep1,2.3667,6054,6054,2531,1415,2531,404
rep1,2.3867,6100,6100,2237,1663,2237,438
rep1,2.4033,6148,6148,2191,1661,2191,337
rep1,2.42,6177,6177,1901,1922,1901,391
rep1,2.44,6204,6204,1874,1922,1874,490
rep1,2.4567,6231,6231,1615,2154,1615,450
rep1,2.4767,6273,6273,1573,2154,1573,695
rep1,2.4967,6308,6308,1325,2367,1325,461
rep1,2.5133,6344,6344,1289,2367,1289,403
rep1,2.53,6373,6373,1084,2543,1084,438
rep1,2.55,6405,6405,1052,2543,1052,448
rep1,2.5667,6434,6434,883,2683,883,392
rep1,2.5867,6457,6457,754,2789,754,444
rep1,2.6033,6482,6482,729,2789,729,458
rep1,2.6233,6513,6513,617,2870,617,349
rep1,2.64,6539,6539,591,2870,591,489
rep1,2.66,6560,6560,509,2931,509,439
rep1,2.68,6590,6590,479,2931,479,1138
rep1,2.6967,6612,6612,398,2990,398,377
rep1,2.7167,6628,6628,382,2990,382,485
rep1,2.7333,6646,6646,338,3016,338,447
rep1,2.7533,6669,6669,294,3037,294,366
rep1,2.77,6687,6687,276,3037,276,398
rep1,2.79,6713,6713,227,3060,227,495
rep1,2.8067,6734,6734,206,3060,206,441
rep1,2.8267,6764,6764,166,3070,166,961
rep1,2.8467,6791,6791,139,3070,139,452
rep1,2.8633,6814,6814,111,3075,111,452
rep1,2.8833,6833,6833,92,3075,92,625
rep1,2.9,6841,6841,81,3078,81,370
rep1,2.92,6859,6859,59,3082,59,486
rep1,2.9367,6869,6869,49,3082,49,781
rep1,2.9567,6882,6882,35,3083,35,489
rep1,2.9767,6889,6889,28,3083,28,456
rep1,2.9933,6894,6894,21,3085,21,444
rep1,3.0133,6896,6896,19,3085,19,481
rep1,3.03,6898,6898,17,3085,17,439
rep1,3.0467,6899,6899,16,3085,16,462
rep1,3.0667,6899,6899,16,3085,16,449
rep1,3.0867,6899,6899,16,3085,16,626
rep1,3.1033,6899,6899,16,3085,16,492
rep1,3.1233,6899,6899,14,3087,14,467
rep1,3.14,6899,6899,14,3087,14,381
rep1,3.16,6899,6899,12,3089,12,456
rep1,3.1767,6899,6899,12,3089,12,518
rep1,3.1967,6899,6899,11,3090,11,439
rep1,3.2133,6899,6899,11,3090,11,472
rep1,3.2333,6899,6899,10,3091,10,418
rep1,3.25,6899,6899,10,3091,10,480
rep1,3.27,6899,6899,10,3091,10,483
rep1,3.29,6899,6899,10,3091,10,1009
rep1,3.3067,6899,6899,10,3091,10,427
rep1,3.3267,6899,6899,8,3093,8,475
rep1,3.3433,6899,6899,8,3093,8,441
rep1,3.3633,6899,6899,5,3096,5,680
rep1,3.38,6899,6899,5,3096,5,473
rep1,3.4,6899,6899,4,3097,4,477
rep1,3.4167,6899,6899,4,3097,4,460
rep1,3.4367,6899,6899,0,3101,0,464
rep1,3.4533,6899,6899,0,3101,0,427
rep1,3.4733,6899,6899,0,3101,0,451
rep1,3.49,6899,6899,0,3101,0,717
rep1,3.51,6899,6899,0,3101,0,476
rep1,3.5267,6899,6899,0,3101,0,489
rep1,3.5467,6899,6899,0,3101,0,431
rep1,3.5633,6899,6899,0,3101,0,396
rep1,3.5833,6899,6899,0,3101,0,484
rep1,3.6,6899,6899,0,3101,0,435
rep1,3.62,6899,6899,0,3101,0,448
rep1,3.6367,6899,6899,0,3101,0,465
rep1,3.6567,6899,6899,0,3101,0,423
rep1,3.6733,6899,6899,0,3101,0,485
rep1,3.6933,6899,6899,0,3101,0,690
rep1,3.71,6899,6899,0,3101,0,400
rep1,3.73,6899,6899,0,3101,0,479
rep1,3.7467,6899,6899,0,3101,0,461
rep1,3.7667,6899,6899,0,3101,0,329
rep1,3.7833,6899,6899,0,3101,0,451
rep1,3.8033,6899,6899,0,3101,0,427
rep1,3.82,6899,6899,0,3101,0,442
rep1,3.84,6899,6899,0,3101,0,506
rep1,3.8567,6899,6899,0,3101,0,423
rep1,3.8767,6899,6899,0,3101,0,410
rep1,3.8933,6899,6899,0,3101,0,617
rep1,3.9133,6899,6899,0,3101,0,463
rep1,3.93,6899,6899,0,3101,0,464
rep1,3.95,6899,6899,0,3101,0,393
rep1,3.9667,6899,6899,0,3101,0,483
rep1,3.9867,6899,6899,0,3101,0,481
rep1,4.0033,6899,6899,0,3101,0,444
rep1,4.0233,6899,6899,0,3101,0,475
rep1,4.04,6899,6899,0,3101,0,449
rep1,4.06,6899,6899,0,3101,0,366
rep1,4.0767,6899,6899,0,3101,0,475
rep1,4.0967,6899,6899,0,3101,0,632
rep2,0.0,0,0,55,9945,55,428
rep2,0.0167,0,0,798,9202,801,419
rep2,0.0367,0,0,1485,8515,1490,415
rep2,0.0567,0,0,2307,7693,2314,687
rep2,0.0733,0,0,2945,7055,2953,456
rep2,0.0933,0,0,3514,6486,3525,445
rep2,0.11,0,0,4003,5997,4014,410
rep2,0.1267,5,5,4454,5541,4465,378
rep2,0.1467,20,20,4836,5144,4847,461
rep2,0.1633,50,50,5200,4750,5211,451
rep2,0.1833,90,90,5516,4394,5528,470
rep2,0.2,151,151,5769,4080,5781,411
rep2,0.22,269,269,5999,3732,6011,371
rep2,0.2367,368,368,6199,3433,6211,339
rep2,0.2533,440,440,6418,3142,6430,399
rep2,0.2733,536,536,6645,2819,6657,673
rep2,0.2933,632,632,6783,2585,6796,332
rep2,0.31,722,722,6930,2348,6943,407
rep2,0.3267,787,787,7097,2116,7110,392
rep2,0.3467,879,879,7237,1884,7250,417
rep2,0.3633,966,966,7295,1739,7308,409
rep2,0.3833,1077,1077,7372,1551,7385,377
rep2,0.4,1174,1174,7434,1392,7447,408
rep2,0.42,1280,1280,7486,1234,7499,469
rep2,0.4367,1397,1397,7494,1109,7507,368
rep2,0.4533,1510,1510,7507,983,7521,382
rep2,0.4733,1648,1648,7473,879,7487,507
rep2,0.4933,1771,1771,7459,770,7474,674
rep2,0.51,1893,1893,7442,665,7457,436
rep2,0.53,2008,2008,7416,576,7431,474
rep2,0.5467,2133,2133,7371,496,7386,400
rep2,0.5633,2256,2256,7311,433,7328,407
rep2,0.5833,2379,2379,7234,387,7251,436
rep2,0.6,2529,2529,7138,333,7155,426
rep2,0.62,2636,2636,7083,281,7100,375
rep2,0.6367,2734,2734,7026,240,7043,413
rep2,0.6567,2819,2819,6979,202,6996,439
rep2,0.6733,2896,2896,6932,172,6949,397
rep2,0.6933,2973,2973,6884,143,6901,426
rep2,0.71,3059,3059,6826,115,6843,403
rep2,0.7267,3099,3099,6814,87,6831,383
rep2,0.7467,3174,3174,6753,73,6770,374
rep2,0.7633,3221,3221,6714,65,6731,413
rep2,0.7833,3272,3272,6674,54,6691,394
rep2,0.8,3319,3319,6638,43,6655,472
rep2,0.82,3340,3340,6622,38,6639,406
rep2,0.8367,3363,3363,6606,31,6623,410
rep2,0.8567,3395,3395,6584,21,6601,466
rep2,0.8733,3422,3422,6559,19,6576,418
rep2,0.8933,3443,3443,6548,9,6565,434
rep2,0.91,3460,3460,6533,7,6550,470
rep2,0.9267,3487,3487,6508,5,6525,374
rep2,0.9467,3493,3493,6502,5,6519,341
rep2,0.9633,3497,3497,6500,3,6517,353
rep2,0.9833,3500,3500,6497,3,6514,352
rep2,1.0,3505,3505,6493,2,6510,334
rep2,1.0167,3516,3516,6482,2,6499,347
rep2,1.0367,3529,3529,5928,543,5941,363
rep2,1.0533,3535,3535,6212,253,6225,365
rep2,1.07,3540,3540,5661,799,5670,339
rep2,1.09,3542,3542,5937,521,5946,351
rep2,1.1067,3544,3544,5581,875,5587,328
rep2,1.1267,3544,3544,5782,674,5788,348
rep2,1.1433,3565,3565,5419,1016,5425,350
rep2,1.16,3583,3583,5569,848,5575,336
rep2,1.18,3603,3603,5276,1121,5282,320
rep2,1.1967,3623,3623,5427,950,5433,430
rep2,1.2167,3653,3653,5193,1154,5198,327
rep2,1.2333,3696,3696,5317,987,5322,338
rep2,1.25,3739,3739,5148,1113,5153,358
rep2,1.27,3776,3776,5268,956,5273,354
rep2,1.2867,3843,3843,5038,1119,5043,343
rep2,1.3033,3889,3889,4836,1275,4840,347
rep2,1.3233,3936,3936,4992,1072,4996,338
rep2,1.34,3980,3980,4836,1184,4840,341
rep2,1.36,4018,4018,4987,995,4991,324
rep2,1.3767,4059,4059,4872,1069,4876,325
rep2,1.3933,4100,4100,4993,907,4997,340
rep2,1.4133,4152,4152,4912,936,4916,363
rep2,1.43,4207,4207,5032,761,5036,343
rep2,1.4467,4268,4268,4926,806,4930,330
rep2,1.4667,4324,4324,5022,654,5026,348
rep2,1.4833,4396,4396,4935,669,4938,337
rep2,1.5033,4434,4434,5015,551,5018,349
rep2,1.52,4508,4508,4940,552,4942,340
rep2,1.5367,4554,4554,4992,454,4994,340
rep2,1.5567,4611,4611,4888,501,4890,335
rep2,1.5733,4655,4655,4863,482,4863,350
rep2,1.59,4723,4723,4870,407,4870,353
rep2,1.61,4776,4776,4817,407,4817,341
rep2,1.6267,4855,4855,4816,329,4816,329
rep2,1.6467,4923,4923,4745,332,4745,350
rep2,1.6633,4974,4974,4760,266,4760,357
rep2,1.68,5036,5036,4697,267,4697,342
rep2,1.7,5066,5066,4720,214,4720,340
rep2,1.7167,5135,5135,4666,199,4666,361
rep2,1.7333,5176,5176,4665,159,4665,352
rep2,1.7533,5217,5217,4622,161,4622,336
rep2,1.77,5258,5258,4612,130,4612,346
rep2,1.79,5293,5293,4602,105,4602,339
rep2,1.8067,5322,5322,4591,87,4591,329
rep2,1.8233,5359,5359,4568,73,4568,331
rep2,1.8433,5395,5395,4538,67,4538,345
rep2,1.86,5428,5428,4516,56,4516,358
rep2,1.88,5454,5454,4501,45,4501,360
rep2,1.8967,5480,5480,4482,38,4482,333
rep2,1.9133,5500,5500,4466,34,4466,335
rep2,1.9333,5520,5520,4451,29,4451,359
rep2,1.95,5534,5534,4441,25,4441,336
rep2,1.9667,5552,5552,4428,20,4428,345
rep2,1.9867,5561,5561,4420,19,4420,348
rep2,2.0033,5574,5574,4408,18,4408,347
rep2,2.0233,5582,5582,4402,16,4402,357
rep2,2.04,5584,5584,4265,151,4265,330
rep2,2.0567,5590,5590,4364,46,4364,342
rep2,2.0767,5595,5595,4196,209,4196,350
rep2,2.0933,5606,5606,4302,92,4302,346
rep2,2.11,5615,5615,4153,232,4153,358
rep2,2.13,5617,5617,4260,123,4260,353
rep2,2.1467,5621,5621,4122,257,4122,342
rep2,2.1667,5626,5626,4197,177,4197,349
rep2,2.1833,5628,5628,4069,303,4069,343
rep2,2.2,5652,5652,4106,242,4106,334
rep2,2.22,5664,5664,3963,373,3963,346
rep2,2.2367,5678,5678,3962,360,3962,445
rep2,2.2567,5718,5718,3681,601,3681,521
rep2,2.2733,5736,5736,3666,598,3666,452
rep2,2.2933,5812,5812,3340,848,3340,428
rep2,2.31,5888,5888,3015,1097,3015,406
rep2,2.33,6007,6007,2906,1087,2906,484
rep2,2.3467,6062,6062,2583,1355,2583,660
rep2,2.3667,6105,6105,2540,1355,2540,448
rep2,2.3833,6146,6146,2262,1592,2262,415
rep2,2.4033,6190,6190,2218,1592,2218,375
rep2,2.42,6222,6222,1951,1827,1951,415
rep2,2.44,6259,6259,1914,1827,1914,418
rep2,2.4567,6297,6297,1637,2066,1637,439
rep2,2.4767,6336,6336,1598,2066,1598,476
rep2,2.4933,6361,6361,1376,2263,1376,475
rep2,2.5133,6399,6399,1180,2421,1180,435
rep2,2.53,6435,6435,1144,2421,1144,462
rep2,2.55,6464,6464,983,2553,983,646
rep2,2.5667,6494,6494,953,2553,953,468
rep2,2.5867,6519,6519,812,2669,812,450
rep2,2.6033,6549,6549,782,2669,782,467
rep2,2.6233,6576,6576,682,2742,682,476
rep2,2.64,6599,6599,659,2742,659,442
rep2,2.66,6623,6623,563,2814,563,441
rep2,2.6767,6649,6649,488,2863,488,458
rep2,2.6967,6677,6677,460,2863,460,490
rep2,2.7133,6701,6701,383,2916,383,474
rep2,2.7333,6722,6722,362,2916,362,470
rep2,2.7533,6746,6746,312,2942,312,697
rep2,2.77,6777,6777,281,2942,281,489
rep2,2.79,6809,6809,226,2965,226,495
rep2,2.8067,6827,6827,208,2965,208,357
rep2,2.8233,6854,6854,162,2984,162,454
rep2,2.8433,6875,6875,141,2984,141,470
rep2,2.86,6888,6888,121,2991,121,422
rep2,2.88,6911,6911,90,2999,90,486
rep2,2.8967,6925,6925,76,2999,76,439
rep2,2.9167,6936,6936,62,3002,62,407
rep2,2.9733,6965,6965,32,3003,32,1628
rep2,3.0,6975,6975,21,3004,21,3543
rep2,3.02,6980,6980,16,3004,16,413
rep2,3.0367,6981,6981,15,3004,15,493
rep2,3.0567,6981,6981,14,3005,14,439
rep2,3.0733,6982,6982,13,3005,13,446
rep2,3.0933,6982,6982,13,3005,13,474
rep2,3.11,6982,6982,13,3005,13,348
rep2,3.1267,6982,6982,11,3007,11,449
rep2,3.1467,6982,6982,11,3007,11,469
rep2,3.1633,6982,6982,11,3007,11,494
rep2,3.1833,6982,6982,11,3007,11,593
rep2,3.2033,6982,6982,11,3007,11,465
rep2,3.22,6982,6982,10,3008,10,456
rep2,3.2367,6982,6982,10,3008,10,358
rep2,3.2567,6982,6982,9,3009,9,411
rep2,3.2733,6982,6982,9,3009,9,468
rep2,3.2933,6982,6982,8,3010,8,425
rep2,3.31,6982,6982,8,3010,8,477
rep2,3.33,6982,6982,8,3010,8,456
rep2,3.3467,6982,6982,0,3018,0,375
rep2,3.3667,6982,6982,0,3018,0,479
rep2,3.3867,6982,6982,0,3018,0,702
rep2,3.4033,6982,6982,0,3018,0,367
rep2,3.42,6982,6982,0,3018,0,468
rep2,3.44,6982,6982,0,3018,0,472
rep2,3.4567,6982,6982,0,3018,0,461
rep2,3.4767,6982,6982,0,3018,0,453
rep2,3.4933,6982,6982,0,3018,0,395
rep2,3.5133,6982,6982,0,3018,0,412
rep2,3.53,6982,6982,0,3018,0,507
rep2,3.55,6982,6982,0,3018,0,448
rep2,3.5667,6982,6982,0,3018,0,476
rep2,3.5867,6982,6982,0,3018,0,677
rep2,3.6067,6982,6982,0,3018,0,443
rep2,3.6233,6982,6982,0,3018,0,421
rep2,3.6433,6982,6982,0,3018,0,460
rep2,3.66,6982,6982,0,3018,0,486
rep2,3.68,6982,6982,0,3018,0,440
rep2,3.6967,6982,6982,0,3018,0,427
rep2,3.7133,6982,6982,0,3018,0,452
rep2,3.7333,6982,6982,0,3018,0,476
rep2,3.75,6982,6982,0,3018,0,415
rep2,3.77,6982,6982,0,3018,0,452
rep2,3.79,6982,6982,0,3018,0,651
rep2,3.8067,6982,6982,0,3018,0,383
rep2,3.8233,6982,6982,0,3018,0,453
rep2,3.8433,6982,6982,0,3018,0,462
rep2,3.86,6982,6982,0,3018,0,470
rep2,3.88,6982,6982,0,3018,0,435
rep2,3.8967,6982,6982,0,3018,0,441
rep2,3.9167,6982,6982,0,3018,0,461
rep2,3.9333,6982,6982,0,3018,0,380
rep2,3.9533,6982,6982,0,3018,0,489
rep2,3.97,6982,6982,0,3018,0,475
rep2,3.99,6982,6982,0,3018,0,621
rep2,4.01,6982,6982,0,3018,0,451
rep2,4.0267,6982,6982,0,3018,0,468
rep2,4.0433,6982,6982,0,3018,0,428
rep2,4.0633,6982,6982,0,3018,0,473
rep2,4.08,6982,6982,0,3018,0,463
rep2,4.1,6982,6982,0,3018,0,459
rep2,4.12,6982,6982,0,3018,0,562
rep3,0.0,0,0,52,9948,52,407
rep3,0.02,0,0,712,9288,712,369
rep3,0.0367,0,0,1501,8499,1503,446
rep3,0.0567,0,0,2284,7716,2287,477
rep3,0.0733,0,0,3004,6996,3008,450
rep3,0.09,0,0,3549,6451,3556,466
rep3,0.11,0,0,4049,5951,4057,436
rep3,0.1267,5,5,4513,5482,4523,393
rep3,0.1467,26,26,4927,5047,4938,456
rep3,0.1633,60,60,5287,4653,5298,451
rep3,0.1833,119,119,5604,4277,5615,402
rep3,0.2033,191,191,5872,3937,5884,673
rep3,0.22,295,295,6067,3638,6080,450
rep3,0.2367,395,395,6265,3340,6279,383
rep3,0.2567,476,476,6453,3071,6467,375
rep3,0.2733,556,556,6666,2778,6680,407
rep3,0.2933,663,663,6831,2506,6845,401
rep3,0.31,750,750,6965,2285,6979,471
rep3,0.33,829,829,7089,2082,7104,461
rep3,0.3467,915,915,7209,1876,7224,639
rep3,0.3667,1001,1001,7295,1704,7310,429
rep3,0.3833,1105,1105,7349,1546,7364,371
rep3,0.4033,1191,1191,7454,1355,7470,666
rep3,0.42,1327,1327,7457,1216,7473,440
rep3,0.44,1453,1453,7459,1088,7475,457
rep3,0.4567,1553,1553,7475,972,7491,402
rep3,0.4767,1671,1671,7477,852,7493,423
rep3,0.4933,1807,1807,7456,737,7472,480
rep3,0.5133,1947,1947,7420,633,7436,401
rep3,0.53,2035,2035,7411,554,7427,371
rep3,0.55,2195,2195,7314,491,7330,429
rep3,0.5667,2292,2292,7272,436,7288,407
rep3,0.5833,2405,2405,7221,374,7237,419
rep3,0.6033,2534,2534,7155,311,7171,671
rep3,0.6233,2609,2609,7121,270,7137,464
rep3,0.64,2691,2691,7084,225,7100,401
rep3,0.66,2795,2795,7014,191,7030,403
rep3,0.6767,2884,2884,6947,169,6963,396
rep3,0.6933,2938,2938,6926,136,6942,401
rep3,0.7133,2995,2995,6891,114,6907,360
rep3,0.73,3040,3040,6863,97,6879,439
rep3,0.75,3083,3083,6837,80,6854,368
rep3,0.7667,3134,3134,6799,67,6816,441
rep3,0.7867,3166,3166,6779,55,6796,469
rep3,0.8033,3209,3209,6743,48,6760,391
rep3,0.8233,3257,3257,6707,36,6724,635
rep3,0.84,3293,3293,6679,28,6696,420
rep3,0.86,3315,3315,6664,21,6681,427
rep3,0.8767,3344,3344,6644,12,6662,386
rep3,0.8967,3358,3358,6633,9,6651,374
rep3,0.9133,3376,3376,6618,6,6636,382
rep3,0.93,3384,3384,6613,3,6631,412
rep3,0.95,3398,3398,6599,3,6617,358
rep3,0.9667,3407,3407,6591,2,6609,345
rep3,0.9867,3414,3414,6585,1,6603,350
rep3,1.0033,3422,3422,6577,1,6595,361
rep3,1.02,3435,3435,6476,89,6494,357
rep3,1.04,3439,3439,6515,46,6533,341
rep3,1.0567,3446,3446,6110,444,6125,321
rep3,1.0733,3452,3452,6290,258,6305,350
rep3,1.0933,3458,3458,5901,641,5915,356
rep3,1.11,3464,3464,6045,491,6059,358
rep3,1.13,3476,3476,5697,827,5707,360
rep3,1.1467,3479,3479,5345,1176,5352,351
rep3,1.1633,3493,3493,5520,987,5527,355
rep3,1.1833,3526,3526,5185,1289,5192,346
rep3,1.2,3549,3549,5345,1106,5352,337
rep3,1.22,3591,3591,5071,1338,5076,333
rep3,1.2367,3636,3636,5242,1122,5247,563
rep3,1.2533,3699,3699,5030,1271,5034,326
rep3,1.2733,3742,3742,5184,1074,5188,341
rep3,1.29,3799,3799,4973,1228,4977,356
rep3,1.31,3841,3841,5136,1023,5140,348
rep3,1.3267,3870,3870,4977,1153,4981,346
rep3,1.3433,3935,3935,5110,955,5114,357
rep3,1.3633,3984,3984,4967,1049,4970,348
rep3,1.38,4033,4033,5074,893,5077,341
rep3,1.4,4075,4075,5003,922,5006,358
rep3,1.4167,4128,4128,4889,983,4891,362
rep3,1.4333,4175,4175,5017,808,5019,340
rep3,1.4533,4226,4226,4949,825,4951,362
rep3,1.47,4277,4277,5031,692,5033,371
rep3,1.49,4312,4312,4962,726,4964,336
rep3,1.5067,4379,4379,5014,607,5016,346
rep3,1.5233,4443,4443,4924,633,4926,341
rep3,1.5433,4506,4506,4971,523,4973,354
rep3,1.56,4570,4570,4917,513,4919,331
rep3,1.5767,4608,4608,4974,418,4976,363
rep3,1.5967,4665,4665,4940,395,4942,369
rep3,1.6133,4731,4731,4952,317,4954,361
rep3,1.6333,4801,4801,4894,305,4896,353
rep3,1.65,4855,4855,4832,313,4834,347
rep3,1.6667,4895,4895,4851,254,4853,353
rep3,1.6867,4938,4938,4829,233,4831,344
rep3,1.7033,5001,5001,4818,181,4820,326
rep3,1.72,5068,5068,4756,176,4758,344
rep3,1.74,5124,5124,4742,134,4744,345
rep3,1.7567,5173,5173,4696,131,4697,337
rep3,1.7767,5205,5205,4689,106,4690,332
rep3,1.7933,5233,5233,4671,96,4672,340
rep3,1.81,5278,5278,4641,81,4642,343
rep3,1.83,5309,5309,4617,74,4618,347
rep3,1.8467,5323,5323,4617,60,4618,337
rep3,1.8633,5357,5357,4584,59,4585,350
rep3,1.8833,5382,5382,4564,54,4564,337
rep3,1.9,5391,5391,4566,43,4566,332
rep3,1.92,5412,5412,4549,39,4549,357
rep3,1.9367,5436,5436,4533,31,4533,347
rep3,1.9533,5466,5466,4512,22,4512,359
rep3,1.9733,5477,5477,4507,16,4507,341
rep3,1.99,5489,5489,4498,13,4498,337
rep3,2.0067,5495,5495,4496,9,4496,350
rep3,2.0267,5505,5505,4470,25,4470,351
rep3,2.0433,5508,5508,4478,14,4478,332
rep3,2.0633,5515,5515,4400,85,4400,346
rep3,2.08,5524,5524,4445,31,4445,334
rep3,2.0967,5530,5530,4327,143,4327,349
rep3,2.1167,5537,5537,4393,70,4393,360
rep3,2.1333,5544,5544,4288,168,4288,316
rep3,2.15,5551,5551,4120,329,4120,336
rep3,2.17,5556,5556,4223,221,4223,346
rep3,2.1867,5563,5563,4067,370,4067,345
rep3,2.2067,5581,5581,4108,311,4108,347
rep3,2.2233,5587,5587,3941,472,3941,345
rep3,2.24,5601,5601,3928,471,3928,387
rep3,2.26,5632,5632,3643,725,3643,365
rep3,2.2767,5661,5661,3624,715,3624,341
rep3,2.2967,5763,5763,3290,947,3290,451
rep3,2.3133,5906,5906,3152,942,3152,427
rep3,2.3333,5956,5956,2831,1213,2831,448
rep3,2.35,6002,6002,2785,1213,2785,453
rep3,2.37,6058,6058,2464,1478,2464,428
rep3,2.3867,6123,6123,2172,1705,2172,390
rep3,2.4033,6168,6168,2132,1700,2132,470
rep3,2.4233,6206,6206,1853,1941,1853,424
rep3,2.44,6251,6251,1808,1941,1808,350
rep3,2.46,6283,6283,1572,2145,1572,483
rep3,2.4767,6318,6318,1537,2145,1537,474
rep3,2.4967,6350,6350,1334,2316,1334,450
rep3,2.5133,6380,6380,1304,2316,1304,472
rep3,2.5333,6407,6407,1120,2473,1120,475
rep3,2.55,6439,6439,1088,2473,1088,467
rep3,2.57,6467,6467,939,2594,939,470
rep3,2.5867,6493,6493,806,2701,806,413
rep3,2.6067,6519,6519,780,2701,780,636
rep3,2.6233,6540,6540,672,2788,672,472
rep3,2.6433,6569,6569,643,2788,643,477
rep3,2.66,6602,6602,554,2844,554,478
rep3,2.68,6642,6642,514,2844,514,638
rep3,2.7,6666,6666,436,2898,436,454
rep3,2.7167,6699,6699,403,2898,403,503
rep3,2.7367,6723,6723,342,2935,342,479
rep3,2.7533,6754,6754,282,2964,282,477
rep3,2.7733,6777,6777,259,2964,259,464
rep3,2.79,6803,6803,220,2977,220,472
rep3,2.81,6831,6831,192,2977,192,475
rep3,2.8267,6858,6858,157,2985,157,465
rep3,2.8467,6882,6882,133,2985,133,467
rep3,2.8633,6906,6906,102,2992,102,465
rep3,2.8833,6925,6925,83,2992,83,624
rep3,2.9,6940,6940,63,2997,63,459
rep3,2.92,6948,6948,55,2997,55,481
rep3,2.9367,6960,6960,42,2998,42,477
rep3,2.9567,6966,6966,34,3000,34,485
rep3,2.9733,6974,6974,26,3000,26,471
rep3,2.9933,6980,6980,19,3001,19,369
rep3,3.01,6980,6980,19,3001,19,456
rep3,3.03,6982,6982,17,3001,17,457
rep3,3.0467,6983,6983,16,3001,16,515
rep3,3.0667,6984,6984,15,3001,15,472
rep3,3.0867,6984,6984,15,3001,15,654
rep3,3.1033,6984,6984,14,3002,14,511
rep3,3.1233,6984,6984,14,3002,14,472
rep3,3.14,6984,6984,14,3002,14,487
rep3,3.16,6984,6984,14,3002,14,477
rep3,3.1767,6984,6984,14,3002,14,437
rep3,3.1933,6984,6984,13,3003,13,389
rep3,3.2133,6984,6984,13,3003,13,482
rep3,3.23,6984,6984,11,3005,11,450
rep3,3.25,6984,6984,11,3005,11,483
rep3,3.27,6984,6984,11,3005,11,485
rep3,3.2867,6984,6984,11,3005,11,636
rep3,3.3067,6984,6984,10,3006,10,440
rep3,3.3233,6984,6984,8,3008,8,477
rep3,3.3433,6984,6984,8,3008,8,389
rep3,3.36,6984,6984,8,3008,8,440
rep3,3.38,6984,6984,8,3008,8,464
rep3,3.3967,6984,6984,5,3011,5,481
rep3,3.4167,6984,6984,5,3011,5,470
rep3,3.4333,6984,6984,0,3016,0,487
rep3,3.4533,6984,6984,0,3016,0,470
rep3,3.47,6984,6984,0,3016,0,442
rep3,3.49,6984,6984,0,3016,0,667
rep3,3.5067,6984,6984,0,3016,0,397
rep3,3.5267,6984,6984,0,3016,0,450
rep3,3.5433,6984,6984,0,3016,0,474
rep3,3.5633,6984,6984,0,3016,0,459
rep3,3.58,6984,6984,0,3016,0,447
rep3,3.6,6984,6984,0,3016,0,486
rep3,3.6167,6984,6984,0,3016,0,465
rep3,3.6367,6984,6984,0,3016,0,390
rep3,3.6533,6984,6984,0,3016,0,442
rep3,3.6733,6984,6984,0,3016,0,466
rep3,3.69,6984,6984,0,3016,0,676
rep3,3.71,6984,6984,0,3016,0,455
rep3,3.7267,6984,6984,0,3016,0,472
rep3,3.7467,6984,6984,0,3016,0,400
rep3,3.7633,6984,6984,0,3016,0,350
rep3,3.7833,6984,6984,0,3016,0,454
rep3,3.8,6984,6984,0,3016,0,349
rep3,3.82,6984,6984,0,3016,0,463
rep3,3.8367,6984,6984,0,3016,0,461
rep3,3.8533,6984,6984,0,3016,0,392
rep3,3.8733,6984,6984,0,3016,0,440
rep3,3.8933,6984,6984,0,3016,0,686
rep3,3.91,6984,6984,0,3016,0,477
rep3,3.93,6984,6984,0,3016,0,453
rep3,3.9467,6984,6984,0,3016,0,566
rep3,3.9667,6984,6984,0,3016,0,395
rep3,3.9833,6984,6984,0,3016,0,396
rep3,4.0033,6984,6984,0,3016,0,465
rep3,4.02,6984,6984,0,3016,0,452
rep3,4.04,6984,6984,0,3016,0,478
rep3,4.0567,6984,6984,0,3016,0,474
rep3,4.0767,6984,6984,0,3016,0,486
rep3,4.1733,6984,6984,0,3016,0,4492
rep3,4.1933,6984,6984,0,3016,0,502
rep4,0.0,0,0,21,9979,21,429
rep4,0.02,0,0,713,9287,713,411
rep4,0.0367,0,0,1432,8568,1432,485
rep4,0.0567,0,0,2324,7676,2327,445
rep4,0.0733,0,0,2989,7011,2993,406
rep4,0.0933,0,0,3553,6447,3558,465
rep4,0.11,0,0,4082,5918,4087,450
rep4,0.13,2,2,4503,5495,4508,399
rep4,0.1467,22,22,4889,5089,4896,399
rep4,0.1667,50,50,5221,4729,5228,422
rep4,0.1833,104,104,5551,4345,5558,461
rep4,0.2033,181,181,5802,4017,5809,411
rep4,0.22,291,291,6017,3692,6025,424
rep4,0.2367,407,407,6214,3379,6222,433
rep4,0.2567,506,506,6409,3085,6417,406
rep4,0.2733,571,571,6598,2831,6606,450
rep4,0.2933,651,651,6795,2554,6803,370
rep4,0.31,716,716,6958,2326,6967,364
rep4,0.33,792,792,7082,2126,7091,366
rep4,0.3467,904,904,7198,1898,7207,437
rep4,0.3667,985,985,7295,1720,7304,409
rep4,0.3833,1089,1089,7372,1539,7381,410
rep4,0.4,1173,1173,7445,1382,7454,414
rep4,0.42,1269,1269,7506,1225,7516,448
rep4,0.4367,1391,1391,7521,1088,7531,385
rep4,0.4567,1502,1502,7528,970,7539,672
rep4,0.4733,1622,1622,7529,849,7540,432
rep4,0.4933,1753,1753,7494,753,7505,402
rep4,0.51,1876,1876,7486,638,7497,405
rep4,0.53,1964,1964,7478,558,7489,436
rep4,0.5467,2083,2083,7431,486,7443,412
rep4,0.5667,2191,2191,7385,424,7398,407
rep4,0.5833,2312,2312,7342,346,7355,431
rep4,0.6033,2393,2393,7315,292,7328,468
rep4,0.62,2511,2511,7252,237,7265,383
rep4,0.64,2585,2585,7214,201,7227,411
rep4,0.6567,2671,2671,7172,157,7185,908
rep4,0.6767,2765,2765,7110,125,7123,414
rep4,0.6933,2838,2838,7057,105,7070,414
rep4,0.7133,2914,2914,6997,89,7010,459
rep4,0.73,2970,2970,6949,81,6962,428
rep4,0.75,3019,3019,6918,63,6931,388
rep4,0.7667,3067,3067,6881,52,6894,421
rep4,0.7867,3115,3115,6838,47,6851,433
rep4,0.8033,3168,3168,6793,39,6806,412
rep4,0.8233,3194,3194,6772,34,6785,393
rep4,0.84,3233,3233,6745,22,6758,443
rep4,0.86,3258,3258,6723,19,6736,733
rep4,0.8767,3275,3275,6713,12,6726,430
rep4,0.8967,3290,3290,6702,8,6715,430
rep4,0.9133,3299,3299,6695,6,6708,462
rep4,0.9333,3306,3306,6690,4,6703,373
rep4,0.95,3317,3317,6679,4,6692,348
rep4,0.9667,3324,3324,6672,4,6685,344
rep4,0.9867,3331,3331,6667,2,6680,346
rep4,1.0033,3344,3344,6654,2,6667,354
rep4,1.0233,3346,3346,6450,204,6463,332
rep4,1.04,3356,3356,6550,94,6563,343
rep4,1.0567,3363,3363,5978,659,5989,348
rep4,1.0767,3373,3373,6249,378,6260,334
rep4,1.0933,3389,3389,5782,829,5791,342
rep4,1.11,3389,3389,5994,617,6003,350
rep4,1.13,3396,3396,5604,1000,5612,336
rep4,1.1467,3399,3399,5809,792,5817,351
rep4,1.1667,3403,3403,5537,1060,5543,342
rep4,1.1833,3435,3435,5669,896,5675,350
rep4,1.2,3459,3459,5379,1162,5385,347
rep4,1.22,3503,3503,5552,945,5558,342
rep4,1.2367,3539,3539,5323,1138,5328,342
rep4,1.2533,3587,3587,5436,977,5441,345
rep4,1.2733,3636,3636,5221,1143,5226,351
rep4,1.29,3679,3679,4977,1344,4982,336
rep4,1.31,3715,3715,5163,1122,5168,331
rep4,1.3267,3754,3754,5048,1198,5052,359
rep4,1.3433,3796,3796,5210,994,5214,372
rep4,1.3633,3845,3845,5043,1112,5047,351
rep4,1.38,3898,3898,5169,933,5173,336
rep4,1.3967,3931,3931,5054,1015,5058,365
rep4,1.4167,3979,3979,5195,826,5199,338
rep4,1.4333,4034,4034,5077,889,5080,350
rep4,1.4533,4088,4088,5178,734,5181,354
rep4,1.47,4153,4153,5107,740,5109,350
rep4,1.4867,4209,4209,5180,611,5182,353
rep4,1.5067,4292,4292,5068,640,5070,326
rep4,1.5233,4367,4367,4964,669,4966,357
rep4,1.5433,4426,4426,5043,531,5045,334
rep4,1.56,4484,4484,4990,526,4990,342
rep4,1.5767,4560,4560,5018,422,5018,362
rep4,1.5967,4623,4623,4940,437,4940,347
rep4,1.6133,4686,4686,4958,356,4958,353
rep4,1.63,4763,4763,4882,355,4882,350
rep4,1.65,4826,4826,4878,296,4878,356
rep4,1.6667,4893,4893,4832,275,4832,342
rep4,1.6867,4952,4952,4836,212,4836,346
rep4,1.7033,5002,5002,4809,189,4809,358
rep4,1.72,5035,5035,4811,154,4811,351
rep4,1.78,5157,5157,4713,130,4713,2677
rep4,1.8033,5213,5213,4699,88,4699,1398
rep4,1.82,5251,5251,4676,73,4676,370
rep4,1.8367,5275,5275,4661,64,4661,367
rep4,1.8567,5299,5299,4650,51,4650,353
rep4,1.8733,5312,5312,4643,45,4643,341
rep4,1.89,5339,5339,4614,47,4614,357
rep4,1.91,5373,5373,4589,38,4589,568
rep4,1.9267,5392,5392,4571,37,4571,345
rep4,1.9467,5397,5397,4572,31,4572,343
rep4,1.9633,5402,5402,4573,25,4573,346
rep4,1.9833,5410,5410,4570,20,4570,345
rep4,2.0,5437,5437,4546,17,4546,339
rep4,2.0167,5444,5444,4542,14,4542,344
rep4,2.0367,5452,5452,4510,38,4510,346
rep4,2.0533,5463,5463,4516,21,4516,335
rep4,2.0733,5473,5473,4463,64,4463,380
rep4,2.09,5481,5481,4482,37,4483,344
rep4,2.1067,5487,5487,4384,129,4385,370
rep4,2.1267,5492,5492,4203,305,4204,577
rep4,2.1433,5497,5497,4332,171,4333,351
rep4,2.1633,5499,5499,4137,364,4138,328
rep4,2.18,5509,5509,4216,275,4217,343
rep4,2.1967,5519,5519,4083,398,4084,329
rep4,2.2167,5532,5532,4154,314,4155,340
rep4,2.2333,5548,5548,3911,541,3912,375
rep4,2.2533,5560,5560,3901,539,3902,431
rep4,2.27,5595,5595,3652,753,3653,387
rep4,2.29,5629,5629,3618,753,3619,438
rep4,2.3067,5745,5745,3254,1001,3255,485
rep4,2.3233,5869,5869,3134,997,3135,370
rep4,2.3433,5928,5928,2760,1312,2761,450
rep4,2.36,5995,5995,2458,1547,2459,501
rep4,2.38,6041,6041,2413,1546,2414,467
rep4,2.3967,6081,6081,2144,1775,2145,458
rep4,2.4167,6119,6119,2106,1775,2107,354
rep4,2.4333,6161,6161,1811,2028,1812,471
rep4,2.4533,6195,6195,1777,2028,1778,460
rep4,2.47,6235,6235,1521,2244,1522,471
rep4,2.49,6272,6272,1484,2244,1485,450
rep4,2.5067,6298,6298,1286,2416,1287,388
rep4,2.5267,6321,6321,1263,2416,1264,508
rep4,2.5433,6357,6357,1065,2578,1066,608
rep4,2.5633,6385,6385,896,2719,897,393
rep4,2.58,6412,6412,869,2719,870,469
rep4,2.6,6436,6436,747,2817,748,453
rep4,2.6167,6465,6465,718,2817,719,496
rep4,2.6367,6495,6495,613,2892,614,495
rep4,2.6533,6525,6525,583,2892,584,365
rep4,2.6733,6555,6555,494,2951,495,458
rep4,2.69,6582,6582,467,2951,468,444
rep4,2.71,6613,6613,381,3006,382,428
rep4,2.7267,6639,6639,355,3006,356,481
rep4,2.7467,6670,6670,289,3041,290,589
rep4,2.7633,6693,6693,264,3043,265,457
rep4,2.7833,6717,6717,240,3043,241,456
rep4,2.8,6745,6745,189,3066,190,387
rep4,2.82,6763,6763,171,3066,172,459
rep4,2.8367,6789,6789,137,3074,138,460
rep4,2.8567,6813,6813,113,3074,114,420
rep4,2.8733,6832,6832,88,3080,89,490
rep4,2.8933,6860,6860,60,3080,61,425
rep4,2.91,6870,6870,48,3082,49,385
rep4,2.93,6881,6881,37,3082,38,455
rep4,2.9467,6889,6889,27,3084,28,657
rep4,2.9667,6894,6894,19,3087,20,454
rep4,2.9833,6897,6897,16,3087,17,472
rep4,3.0033,6900,6900,13,3087,14,442
rep4,3.02,6904,6904,9,3087,10,466
rep4,3.04,6904,6904,9,3087,10,388
rep4,3.0567,6905,6905,8,3087,9,450
rep4,3.0767,6907,6907,6,3087,7,464
rep4,3.0933,6907,6907,6,3087,7,477
rep4,3.1133,6907,6907,6,3087,6,456
rep4,3.13,6907,6907,6,3087,6,375
rep4,3.15,6907,6907,6,3087,6,652
rep4,3.1667,6907,6907,6,3087,6,472
rep4,3.1867,6907,6907,6,3087,6,448
rep4,3.2033,6907,6907,6,3087,6,486
rep4,3.2233,6907,6907,6,3087,6,491
rep4,3.24,6907,6907,5,3088,5,487
rep4,3.26,6907,6907,5,3088,5,481
rep4,3.28,6907,6907,4,3089,4,822
rep4,3.2967,6907,6907,4,3089,4,391
rep4,3.3167,6907,6907,4,3089,4,471
rep4,3.3333,6907,6907,3,3090,3,435
rep4,3.3533,6907,6907,3,3090,3,678
rep4,3.37,6907,6907,1,3092,1,458
rep4,3.39,6907,6907,1,3092,1,456
rep4,3.4067,6907,6907,0,3093,0,457
rep4,3.4267,6907,6907,0,3093,0,470
rep4,3.4433,6907,6907,0,3093,0,436
rep4,3.4633,6907,6907,0,3093,0,460
rep4,3.48,6907,6907,0,3093,0,467
rep4,3.5,6907,6907,0,3093,0,409
rep4,3.5167,6907,6907,0,3093,0,552
rep4,3.5367,6907,6907,0,3093,0,465
rep4,3.5533,6907,6907,0,3093,0,607
rep4,3.5733,6907,6907,0,3093,0,455
rep4,3.59,6907,6907,0,3093,0,484
rep4,3.61,6907,6907,0,3093,0,473
rep4,3.6267,6907,6907,0,3093,0,454
rep4,3.6467,6907,6907,0,3093,0,441
rep4,3.6633,6907,6907,0,3093,0,391
rep4,3.6833,6907,6907,0,3093,0,464
rep4,3.7,6907,6907,0,3093,0,474
rep4,3.72,6907,6907,0,3093,0,471
rep4,3.7367,6907,6907,0,3093,0,472
rep4,3.7567,6907,6907,0,3093,0,678
rep4,3.7767,6907,6907,0,3093,0,476
rep4,3.7933,6907,6907,0,3093,0,432
rep4,3.8133,6907,6907,0,3093,0,463
rep4,3.83,6907,6907,0,3093,0,401
rep4,3.85,6907,6907,0,3093,0,449
rep4,3.8667,6907,6907,0,3093,0,476
rep4,3.8867,6907,6907,0,3093,0,475
rep4,3.9033,6907,6907,0,3093,0,390
rep4,3.92,6907,6907,0,3093,0,465
rep4,3.94,6907,6907,0,3093,0,492
rep4,3.96,6907,6907,0,3093,0,601
rep4,3.9767,6907,6907,0,3093,0,487
rep4,3.9967,6907,6907,0,3093,0,447
rep4,4.0133,6907,6907,0,3093,0,453
rep4,4.0333,6907,6907,0,3093,0,427
rep4,4.05,6907,6907,0,3093,0,474
rep4,4.07,6907,6907,0,3093,0,453
rep4,4.0867,6907,6907,0,3093,0,402
rep4,4.1067,6907,6907,0,3093,0,481
rep4,4.1233,6907,6907,0,3093,0,452
rep4,4.14,6907,6907,0,3093,0,452
rep5,0.0,0,0,67,9933,67,419
rep5,0.02,0,0,748,9252,750,474
rep5,0.0367,0,0,1521,8479,1524,440
rep5,0.0567,0,0,2327,7673,2332,423
rep5,0.0733,0,0,3018,6982,3024,450
rep5,0.0933,0,0,3668,6332,3679,437
rep5,0.11,0,0,4146,5854,4159,400
rep5,0.13,4,4,4661,5335,4675,371
rep5,0.1467,22,22,5065,4913,5079,447
rep5,0.1667,64,64,5394,4542,5408,477
rep5,0.1833,117,117,5720,4163,5735,456
rep5,0.2033,165,165,6026,3809,6042,418
rep5,0.22,288,288,6226,3486,6242,415
rep5,0.2367,375,375,6437,3188,6453,376
rep5,0.2567,458,458,6650,2892,6669,436
rep5,0.2733,547,547,6836,2617,6855,497
rep5,0.2933,647,647,7011,2342,7030,359
rep5,0.31,742,742,7126,2132,7146,369
rep5,0.33,830,830,7252,1918,7272,418
rep5,0.3467,915,915,7371,1714,7391,433
rep5,0.3667,1008,1008,7466,1526,7487,431
rep5,0.3833,1127,1127,7519,1354,7541,371
rep5,0.4033,1229,1229,7581,1190,7603,367
rep5,0.42,1363,1363,7596,1041,7619,408
rep5,0.4367,1477,1477,7593,930,7616,479
rep5,0.4567,1587,1587,7583,830,7606,387
rep5,0.4733,1714,1714,7578,708,7602,441
rep5,0.4933,1829,1829,7548,623,7572,603
rep5,0.51,1956,1956,7509,535,7533,364
rep5,0.53,2048,2048,7502,450,7526,436
rep5,0.5467,2195,2195,7411,394,7435,400
rep5,0.5667,2305,2305,7358,337,7382,444
rep5,0.5833,2460,2460,7255,285,7280,461
rep5,0.6033,2574,2574,7172,254,7197,464
rep5,0.62,2687,2687,7106,207,7131,434
rep5,0.64,2817,2817,7016,167,7041,443
rep5,0.6567,2910,2910,6950,140,6975,400
rep5,0.6767,2997,2997,6886,117,6911,439
rep5,0.6933,3073,3073,6841,86,6866,697
rep5,0.7133,3143,3143,6790,67,6815,452
rep5,0.73,3194,3194,6751,55,6776,399
rep5,0.75,3250,3250,6708,42,6733,400
rep5,0.7667,3302,3302,6666,32,6691,412
rep5,0.7867,3344,3344,6630,26,6655,395
rep5,0.8033,3385,3385,6595,20,6620,405
rep5,0.8233,3417,3417,6567,16,6592,484
rep5,0.84,3451,3451,6538,11,6563,380
rep5,0.8567,3467,3467,6524,9,6549,375
rep5,0.8767,3488,3488,6506,6,6531,350
rep5,0.8933,3505,3505,6489,6,6514,364
rep5,0.9133,3518,3518,6477,5,6502,332
rep5,0.93,3521,3521,6475,4,6500,343
rep5,0.9467,3534,3534,6463,3,6488,339
rep5,0.9667,3541,3541,6457,2,6482,343
rep5,0.9833,3551,3551,6448,1,6473,344
rep5,1.0033,3563,3563,6436,1,6461,543
rep5,1.02,3567,3567,6432,1,6457,333
rep5,1.0367,3572,3572,6256,172,6279,334
rep5,1.0567,3573,3573,5559,868,5579,343
rep5,1.0733,3582,3582,5933,485,5953,339
rep5,1.0933,3592,3592,5380,1028,5395,335
rep5,1.11,3606,3606,5677,717,5692,346
rep5,1.1267,3606,3606,5314,1080,5325,349
rep5,1.1467,3619,3619,5518,863,5529,349
rep5,1.1633,3628,3628,5187,1185,5198,349
rep5,1.18,3647,3647,5331,1022,5342,343
rep5,1.2,3674,3674,5043,1283,5053,331
rep5,1.2167,3697,3697,5177,1126,5187,328
rep5,1.2367,3747,3747,4955,1298,4964,342
rep5,1.2533,3775,3775,5128,1097,5137,340
rep5,1.27,3829,3829,4952,1219,4958,363
rep5,1.29,3866,3866,5101,1033,5107,360
rep5,1.3067,3926,3926,4918,1156,4924,343
rep5,1.3233,3967,3967,5059,974,5065,336
rep5,1.3433,4012,4012,4950,1038,4955,340
rep5,1.36,4047,4047,4803,1150,4808,335
rep5,1.38,4086,4086,4950,964,4955,334
rep5,1.3967,4147,4147,4835,1018,4838,368
rep5,1.4133,4194,4194,4944,862,4947,343
rep5,1.4333,4240,4240,4851,909,4853,336
rep5,1.45,4287,4287,4964,749,4966,348
rep5,1.4667,4347,4347,4876,777,4878,344
rep5,1.4867,4402,4402,4972,626,4974,359
rep5,1.5033,4450,4450,4902,648,4903,339
rep5,1.5233,4511,4511,4962,527,4963,338
rep5,1.54,4586,4586,4887,527,4888,358
rep5,1.5567,4640,4640,4941,419,4942,348
rep5,1.5767,4718,4718,4872,410,4873,338
rep5,1.5933,4781,4781,4880,339,4881,345
rep5,1.61,4834,4834,4842,324,4842,324
rep5,1.63,4886,4886,4795,319,4795,393
rep5,1.6467,4940,4940,4806,254,4806,346
rep5,1.6667,4984,4984,4774,242,4774,338
rep5,1.6833,5063,5063,4745,192,4745,354
rep5,1.7,5119,5119,4695,186,4695,347
rep5,1.72,5161,5161,4683,156,4683,359
rep5,1.7367,5213,5213,4646,141,4646,353
rep5,1.7567,5272,5272,4615,113,4615,345
rep5,1.7733,5308,5308,4589,103,4589,344
rep5,1.79,5330,5330,4585,85,4585,342
rep5,1.81,5366,5366,4562,72,4562,331
rep5,1.8267,5390,5390,4556,54,4556,342
rep5,1.8433,5412,5412,4538,50,4538,341
rep5,1.8633,5428,5428,4529,43,4529,348
rep5,1.88,5443,5443,4523,34,4523,367
rep5,1.9,5461,5461,4509,30,4509,329
rep5,1.9167,5481,5481,4492,27,4492,339
rep5,1.9333,5496,5496,4481,23,4481,382
rep5,1.9533,5505,5505,4474,21,4474,357
rep5,1.97,5520,5520,4460,20,4460,353
rep5,1.9867,5525,5525,4461,14,4461,340
rep5,2.0067,5535,5535,4455,10,4455,362
rep5,2.0233,5542,5542,4452,6,4452,350
rep5,2.0433,5553,5553,4429,18,4429,351
rep5,2.06,5557,5557,4437,6,4437,344
rep5,2.0767,5560,5560,4376,64,4376,322
rep5,2.0967,5563,5563,4126,311,4126,350
rep5,2.1133,5568,5568,4299,133,4299,343
rep5,2.1333,5569,5569,4131,300,4132,328
rep5,2.15,5580,5580,4233,187,4234,325
rep5,2.1667,5583,5583,4075,342,4076,346
rep5,2.1867,5599,5599,4116,285,4117,354
rep5,2.2033,5607,5607,3994,399,3995,337
rep5,2.22,5624,5624,4030,346,4031,358
rep5,2.24,5636,5636,3810,554,3811,429
rep5,2.2567,5650,5650,3798,552,3799,490
rep5,2.2767,5690,5690,3482,828,3483,341
rep5,2.2933,5720,5720,3454,826,3455,410
rep5,2.3133,5908,5908,3005,1087,3006,458
rep5,2.33,5973,5973,2664,1363,2665,410
rep5,2.35,6034,6034,2603,1363,2604,621
rep5,2.3667,6070,6070,2305,1625,2306,449
rep5,2.3867,6121,6121,2256,1623,2257,364
rep5,2.4033,6164,6164,1972,1864,1973,414
rep5,2.4233,6213,6213,1923,1864,1924,450
rep5,2.44,6257,6257,1668,2075,1669,468
rep5,2.4567,6282,6282,1643,2075,1644,441
rep5,2.4767,6313,6313,1421,2266,1422,439
rep5,2.4933,6346,6346,1388,2266,1389,446
rep5,2.5133,6365,6365,1174,2461,1175,368
rep5,2.53,6383,6383,1156,2461,1157,465
rep5,2.55,6406,6406,995,2599,996,698
rep5,2.5667,6443,6443,827,2730,828,368
rep5,2.5867,6458,6458,812,2730,813,441
rep5,2.6033,6488,6488,690,2822,691,454
rep5,2.6233,6509,6509,669,2822,670,451
rep5,2.64,6527,6527,583,2890,584,468
rep5,2.66,6557,6557,553,2890,554,466
rep5,2.6767,6583,6583,480,2937,481,445
rep5,2.6967,6614,6614,449,2937,450,442
rep5,2.7133,6628,6628,393,2979,394,438
rep5,2.7333,6650,6650,350,3000,351,466
rep5,2.7533,6686,6686,314,3000,315,655
rep5,2.77,6708,6708,272,3020,273,441
rep5,2.79,6738,6738,242,3020,243,436
rep5,2.8067,6763,6763,200,3037,201,394
rep5,2.8233,6788,6788,175,3037,176,449
rep5,2.8433,6819,6819,137,3044,138,507
rep5,2.86,6849,6849,107,3044,108,388
rep5,2.88,6865,6865,83,3052,84,451
rep5,2.8967,6881,6881,67,3052,68,464
rep5,2.9167,6895,6895,52,3053,53,420
rep5,2.9333,6907,6907,38,3055,39,449
rep5,2.9533,6917,6917,28,3055,29,651
rep5,2.97,6924,6924,21,3055,22,447
rep5,2.99,6929,6929,16,3055,17,480
rep5,3.0067,6933,6933,12,3055,13,427
rep5,3.0267,6933,6933,12,3055,13,455
rep5,3.0433,6934,6934,11,3055,12,455
rep5,3.0633,6934,6934,11,3055,12,463
rep5,3.08,6935,6935,10,3055,11,483
rep5,3.1,6935,6935,10,3055,11,381
rep5,3.1167,6935,6935,10,3055,11,468
rep5,3.1367,6935,6935,10,3055,10,434
rep5,3.1567,6935,6935,10,3055,10,668
rep5,3.1733,6935,6935,10,3055,10,512
rep5,3.1933,6935,6935,10,3055,10,494
rep5,3.21,6935,6935,10,3055,10,465
rep5,3.23,6935,6935,10,3055,10,464
rep5,3.2467,6935,6935,9,3056,9,476
rep5,3.2667,6935,6935,9,3056,9,368
rep5,3.2833,6935,6935,8,3057,8,496
rep5,3.3033,6935,6935,8,3057,8,415
rep5,3.32,6935,6935,8,3057,8,469
rep5,3.34,6935,6935,2,3063,2,450
rep5,3.3567,6935,6935,2,3063,2,653
rep5,3.3767,6935,6935,2,3063,2,454
rep5,3.3933,6935,6935,2,3063,2,467
rep5,3.4133,6935,6935,0,3065,0,457
rep5,3.43,6935,6935,0,3065,0,477
rep5,3.45,6935,6935,0,3065,0,415
rep5,3.4667,6935,6935,0,3065,0,471
rep5,3.4867,6935,6935,0,3065,0,449
rep5,3.5033,6935,6935,0,3065,0,481
rep5,3.5233,6935,6935,0,3065,0,493
rep5,3.54,6935,6935,0,3065,0,466
rep5,3.56,6935,6935,0,3065,0,652
rep5,3.5767,6935,6935,0,3065,0,502
rep5,3.5967,6935,6935,0,3065,0,434
rep5,3.6133,6935,6935,0,3065,0,464
rep5,3.6333,6935,6935,0,3065,0,474
rep5,3.65,6935,6935,0,3065,0,455
rep5,3.67,6935,6935,0,3065,0,446
rep5,3.6867,6935,6935,0,3065,0,468
rep5,3.7067,6935,6935,0,3065,0,431
rep5,3.7233,6935,6935,0,3065,0,426
rep5,3.7433,6935,6935,0,3065,0,446
rep5,3.76,6935,6935,0,3065,0,640
rep5,3.78,6935,6935,0,3065,0,478
rep5,3.7967,6935,6935,0,3065,0,482
rep5,3.8167,6935,6935,0,3065,0,487
rep5,3.8333,6935,6935,0,3065,0,452
rep5,3.8533,6935,6935,0,3065,0,370
rep5,3.87,6935,6935,0,3065,0,478
rep5,3.89,6935,6935,0,3065,0,475
rep5,3.9067,6935,6935,0,3065,0,478
rep5,3.9267,6935,6935,0,3065,0,452
rep5,3.9433,6935,6935,0,3065,0,461
rep5,3.9633,6935,6935,0,3065,0,648
rep5,3.98,6935,6935,0,3065,0,457
rep5,4.0,6935,6935,0,3065,0,435
rep5,4.0167,6935,6935,0,3065,0,477
rep5,4.0367,6935,6935,0,3065,0,460
rep5,4.0533,6935,6935,0,3065,0,416
rep5,4.0733,6935,6935,0,3065,0,467
rep5,4.09,6935,6935,0,3065,0,453
rep5,4.11,6935,6935,0,3065,0,479
rep5,4.1267,6935,6935,0,3065,0,450
