rep,t_over_ttl,cum_rehold,cum_duplicate
rep1,0.1042,0,1
rep1,0.7541,0,2
rep1,1.0844,1,2
rep1,1.0909,1,3
rep2,0.1379,0,1
rep2,0.4379,0,2
rep2,0.4978,0,3
rep2,0.9612,0,4
rep2,1.0113,0,5
rep3,0.0686,0,1
rep3,0.1486,0,2
rep3,0.4455,0,3
rep3,0.4753,0,4
rep3,0.8054,0,5
rep3,0.8286,0,6
rep3,0.9754,0,7
rep3,1.0921,1,7
rep3,1.1187,2,7
rep3,1.1188,3,7
rep3,1.1254,4,7
rep4,0.1249,0,1
rep4,0.3747,0,2
rep4,0.4217,0,3
rep4,0.5515,0,4
rep4,0.6581,0,5
rep4,0.8513,0,6
rep4,0.9413,0,7
rep4,1.1016,0,8
rep5,0.1172,0,1
rep5,0.594,0,2
rep5,0.6105,0,3
rep5,0.7806,0,4
rep5,1.1504,1,4
rep5,1.1505,2,4
